timestamp_utc,soil_moisture_pct,temperature_c,humidity_pct,light_level_pct,risk_class,confidence,prob_healthy,prob_moderate_stress,prob_high_stress,action_water,action_reduce_temp,action_increase_humidity,action_increase_light,recommendation_summary,feature0,feature1,feature2,feature3,feature4,feature5,feature6,feature7,feature8,feature9,feature10,feature11
2026-03-04 12:10,83.250,25.100,36.400,4.567,0,1.000000,1.000000,0.000000,0.000000,0,0,1,1,risk=0 confidence=1 actions:[humidify light ],83.250000,83.250000,0.000000,0.000000,0.000000,25.100000,36.400002,4.566545,0.000000,-1.000000,0.433884,-0.900969
2026-03-04 12:12,83.250,25.000,36.600,15.604,0,1.000000,1.000000,0.000000,0.000000,0,0,1,1,risk=0 confidence=1 actions:[humidify light ],83.250000,83.250000,0.000000,0.000000,0.000000,25.000000,36.599998,15.604396,0.000000,-1.000000,0.433884,-0.900969
2026-03-04 12:14,83.250,25.000,36.500,12.894,0,1.000000,1.000000,0.000000,0.000000,0,0,1,1,risk=0 confidence=1 actions:[humidify light ],83.250000,83.250000,0.000000,0.000000,0.000000,25.000000,36.500000,12.893774,0.000000,-1.000000,0.433884,-0.900969
2026-03-04 12:17,82.150,25.000,36.600,16.435,0,1.000000,1.000000,0.000000,0.000000,0,0,1,1,risk=0 confidence=1 actions:[humidify light ],82.150002,82.974998,-1.099998,-0.366666,0.000000,25.000000,36.599998,16.434677,0.000000,-1.000000,0.433884,-0.900969
2026-03-04 12:19,83.250,24.900,36.800,16.459,0,1.000000,1.000000,0.000000,0.000000,0,0,1,1,risk=0 confidence=1 actions:[humidify light ],83.250000,83.029999,1.099998,0.000000,0.000000,24.900000,36.799999,16.459097,0.000000,-1.000000,0.433884,-0.900969
2026-03-04 12:22,83.250,24.900,36.700,16.020,0,1.000000,1.000000,0.000000,0.000000,0,0,1,1,risk=0 confidence=1 actions:[humidify light ],83.250000,83.066666,0.000000,0.000000,0.000000,24.900000,36.700001,16.019537,0.000000,-1.000000,0.433884,-0.900969
2026-03-04 12:24,83.250,24.900,36.500,16.020,0,1.000000,1.000000,0.000000,0.000000,0,0,1,1,risk=0 confidence=1 actions:[humidify light ],83.250000,83.092857,0.000000,0.000000,0.000000,24.900000,36.500000,16.019537,0.000000,-1.000000,0.433884,-0.900969
2026-03-04 12:27,83.250,24.900,36.200,13.260,0,1.000000,1.000000,0.000000,0.000000,0,0,1,1,risk=0 confidence=1 actions:[humidify light ],83.250000,83.112503,0.000000,0.000000,0.000000,24.900000,36.200001,13.260074,0.000000,-1.000000,0.433884,-0.900969
2026-03-04 12:29,83.800,24.400,60.300,10.574,0,1.000000,1.000000,0.000000,0.000000,0,0,0,1,risk=0 confidence=1 actions:[light ],83.800003,83.188889,0.550003,0.068750,0.000000,24.400000,60.299999,10.573871,0.000000,-1.000000,0.433884,-0.900969
2026-03-04 12:31,83.800,24.400,54.800,13.797,0,1.000000,1.000000,0.000000,0.000000,0,0,1,1,risk=0 confidence=1 actions:[humidify light ],84.000000,83.270004,0.199997,0.083333,0.000000,24.299999,44.799999,13.797315,0.000000,-1.000000,0.433884,-0.900969
2026-03-04 12:34,83.250,24.400,41.500,11.648,0,1.000000,1.000000,0.000000,0.000000,0,0,1,1,risk=0 confidence=1 actions:[humidify light ],83.250000,83.268181,-0.750000,0.000000,0.000000,24.400000,41.500000,11.648352,0.000000,-1.000000,0.433884,-0.900969
2026-03-04 12:37,83.250,24.500,40.100,14.408,0,1.000000,1.000000,0.000000,0.000000,0,0,1,1,risk=0 confidence=1 actions:[humidify light ],83.250000,83.266670,0.000000,0.000000,0.000000,24.500000,40.099998,14.407815,0.000000,-1.000000,0.433884,-0.900969
2026-03-04 12:39,83.400,24.600,39.500,14.335,0,1.000000,1.000000,0.000000,0.000000,0,0,1,1,risk=0 confidence=1 actions:[humidify light ],83.400002,83.276924,0.150002,0.012500,0.000000,24.600000,39.500000,14.334555,0.000000,-1.000000,0.433884,-0.900969
2026-03-04 12:42,83.250,24.700,38.800,13.284,0,1.000000,1.000000,0.000000,0.000000,0,0,1,1,risk=0 confidence=1 actions:[humidify light ],83.250000,83.275002,-0.150002,0.000000,0.000000,24.700001,38.799999,13.284494,0.000000,-1.000000,0.433884,-0.900969
2026-03-04 12:44,83.300,24.700,38.400,13.114,0,1.000000,1.000000,0.000000,0.000000,0,0,1,1,risk=0 confidence=1 actions:[humidify light ],83.300003,83.276665,0.050003,0.003572,0.000000,24.700001,38.400002,13.113554,0.000000,-1.000000,0.433884,-0.900969
2026-03-04 12:47,83.250,24.700,38.100,12.845,0,1.000000,1.000000,0.000000,0.000000,0,0,1,1,risk=0 confidence=1 actions:[humidify light ],83.250000,83.275002,-0.050003,0.000000,0.000000,24.700001,38.099998,12.844934,0.000000,-1.000000,0.433884,-0.900969
2026-03-04 12:49,83.250,24.700,37.800,12.479,0,1.000000,1.000000,0.000000,0.000000,0,0,1,1,risk=0 confidence=1 actions:[humidify light ],83.250000,83.273529,0.000000,0.000000,0.000000,24.700001,37.799999,12.478633,0.000000,-1.000000,0.433884,-0.900969
2026-03-04 12:52,83.250,24.700,37.600,13.260,0,1.000000,1.000000,0.000000,0.000000,0,0,1,1,risk=0 confidence=1 actions:[humidify light ],83.250000,83.272224,0.000000,0.000000,0.000000,24.700001,37.599998,13.260074,0.000000,-1.000000,0.433884,-0.900969
2026-03-04 12:54,83.250,24.800,37.600,14.481,0,1.000000,1.000000,0.000000,0.000000,0,0,1,1,risk=0 confidence=1 actions:[humidify light ],83.250000,83.271057,0.000000,0.000000,0.000000,24.799999,37.599998,14.481075,0.000000,-1.000000,0.433884,-0.900969
2026-03-04 12:57,83.250,24.800,37.200,14.750,0,1.000000,1.000000,0.000000,0.000000,0,0,1,1,risk=0 confidence=1 actions:[humidify light ],83.250000,83.270004,0.000000,0.000000,0.000000,24.799999,37.200001,14.749696,0.000000,-1.000000,0.433884,-0.900969
2026-03-04 12:59,83.500,24.800,37.300,14.530,0,1.000000,1.000000,0.000000,0.000000,0,0,1,1,risk=0 confidence=1 actions:[humidify light ],83.500000,83.280952,0.250000,0.012500,0.000000,24.799999,37.299999,14.529915,0.000000,-1.000000,0.433884,-0.900969
2026-03-04 13:02,83.250,24.800,36.800,14.921,0,1.000000,1.000000,0.000000,0.000000,0,0,1,1,risk=0 confidence=1 actions:[humidify light ],83.250000,83.279549,-0.250000,0.000000,0.000000,24.799999,36.799999,14.920635,-0.258819,-0.965926,0.433884,-0.900969
2026-03-04 13:04,83.250,24.800,36.600,14.408,0,1.000000,1.000000,0.000000,0.000000,0,0,1,1,risk=0 confidence=1 actions:[humidify light ],83.250000,83.278259,0.000000,0.000000,0.000000,24.799999,36.599998,14.407815,-0.258819,-0.965926,0.433884,-0.900969
2026-03-04 13:07,83.900,24.800,36.500,14.066,0,1.000000,1.000000,0.000000,0.000000,0,0,1,1,risk=0 confidence=1 actions:[humidify light ],83.900002,83.304169,0.650002,0.028261,0.000000,24.799999,36.500000,14.065935,-0.258819,-0.965926,0.433884,-0.900969
2026-03-04 13:09,83.250,24.800,36.300,13.968,0,1.000000,1.000000,0.000000,0.000000,0,0,1,1,risk=0 confidence=1 actions:[humidify light ],83.250000,83.304176,-0.650002,0.000000,0.000000,24.799999,36.299999,13.968255,-0.258819,-0.965926,0.433884,-0.900969
2026-03-04 12:11,83.800,24.400,36.100,14.139,0,1.000000,1.000000,0.000000,0.000000,0,0,1,1,risk=0 confidence=1 actions:[humidify light ],83.750000,83.325005,0.500000,0.021739,0.000000,24.799999,36.099998,14.139194,-0.258819,-0.965926,0.433884,-0.900969
2026-03-04 13:14,83.450,24.800,35.900,13.944,0,1.000000,1.000000,0.000000,0.000000,0,0,1,1,risk=0 confidence=1 actions:[humidify light ],83.450005,83.333336,-0.299995,0.056522,0.000000,24.799999,35.900002,13.943834,-0.258819,-0.965926,0.433884,-0.900969
2026-03-04 13:17,83.250,24.800,35.600,12.845,0,1.000000,1.000000,0.000000,0.000000,0,0,1,1,risk=0 confidence=1 actions:[humidify light ],83.250000,83.379166,-0.200005,0.000000,0.000000,24.799999,35.599998,12.844934,-0.258819,-0.965926,0.433884,-0.900969
2026-03-04 13:19,83.250,24.800,36.300,13.822,0,1.000000,1.000000,0.000000,0.000000,0,0,1,1,risk=0 confidence=1 actions:[humidify light ],83.250000,83.379166,0.000000,0.000000,0.000000,24.799999,36.299999,13.821734,-0.258819,-0.965926,0.433884,-0.900969
2026-03-04 13:22,83.650,24.800,35.200,13.748,0,1.000000,1.000000,0.000000,0.000000,0,0,1,1,risk=0 confidence=1 actions:[humidify light ],83.650002,83.395836,0.400002,0.017391,0.000000,24.799999,35.200001,13.748474,-0.258819,-0.965926,0.433884,-0.900969
2026-03-04 13:24,83.500,24.800,35.100,13.846,0,1.000000,1.000000,0.000000,0.000000,0,0,1,1,risk=0 confidence=1 actions:[humidify light ],83.500000,83.406250,-0.150002,0.010870,0.000000,24.799999,35.099998,13.846154,-0.258819,-0.965926,0.433884,-0.900969
2026-03-04 13:27,83.250,24.800,35.000,13.748,0,1.000000,1.000000,0.000000,0.000000,0,0,1,1,risk=0 confidence=1 actions:[humidify light ],83.250000,83.406250,-0.250000,-0.023913,0.000000,24.799999,35.000000,13.748474,-0.258819,-0.965926,0.433884,-0.900969
2026-03-04 13:29,84.000,24.800,34.900,13.700,0,1.000000,1.000000,0.000000,0.000000,0,0,1,1,risk=0 confidence=1 actions:[humidify light ],84.000000,83.414581,0.750000,0.000000,0.000000,24.799999,34.900002,13.699635,-0.258819,-0.965926,0.433884,-0.900969
2026-03-04 13:32,84.000,24.800,34.900,13.553,0,1.000000,1.000000,0.000000,0.000000,0,0,1,1,risk=0 confidence=1 actions:[humidify light ],84.000000,83.414581,0.000000,0.032609,0.000000,24.799999,34.900002,13.553114,-0.258819,-0.965926,0.433884,-0.900969
2026-03-04 13:34,83.850,24.800,34.700,13.407,0,1.000000,1.000000,0.000000,0.000000,0,0,1,1,risk=0 confidence=1 actions:[humidify light ],83.850006,83.439583,-0.149994,0.026087,0.000000,24.799999,34.700001,13.406594,-0.258819,-0.965926,0.433884,-0.900969
2026-03-04 13:37,83.250,24.800,34.800,12.894,0,1.000000,1.000000,0.000000,0.000000,0,0,1,1,risk=0 confidence=1 actions:[humidify light ],83.250000,83.439583,-0.600006,-0.006522,0.000000,24.799999,34.799999,12.893774,-0.258819,-0.965926,0.433884,-0.900969
2026-03-04 13:39,83.250,24.800,35.000,12.161,0,1.000000,1.000000,0.000000,0.000000,0,0,1,1,risk=0 confidence=1 actions:[humidify light ],83.250000,83.433327,0.000000,0.000000,0.000000,24.799999,35.000000,12.161172,-0.258819,-0.965926,0.433884,-0.900969
2026-03-04 13:42,83.350,24.800,34.500,12.088,0,1.000000,1.000000,0.000000,0.000000,0,0,1,1,risk=0 confidence=1 actions:[humidify light ],83.350006,83.437500,0.100006,0.002174,0.000000,24.799999,34.500000,12.087913,-0.258819,-0.965926,0.433884,-0.900969
2026-03-04 13:44,82.350,24.800,34.600,11.404,0,1.000000,1.000000,0.000000,0.000000,0,0,1,1,risk=0 confidence=1 actions:[humidify light ],82.349998,83.397919,-1.000008,-0.039131,0.000000,24.799999,34.599998,11.404152,-0.258819,-0.965926,0.433884,-0.900969
2026-03-04 13:47,82.350,24.800,34.500,12.796,0,1.000000,1.000000,0.000000,0.000000,0,0,1,1,risk=0 confidence=1 actions:[humidify light ],83.250000,83.397919,0.900002,0.000000,0.000000,24.799999,34.500000,12.796094,-0.258819,-0.965926,0.433884,-0.900969
2026-03-04 13:49,82.150,24.800,34.600,11.038,0,1.000000,1.000000,0.000000,0.000000,0,0,1,1,risk=0 confidence=1 actions:[humidify light ],82.150002,83.352081,-1.099998,-0.047826,0.000000,24.799999,34.599998,11.037851,-0.258819,-0.965926,0.433884,-0.900969
2026-03-04 13:52,83.250,24.800,34.400,10.623,0,1.000000,1.000000,0.000000,0.000000,0,0,1,1,risk=0 confidence=1 actions:[humidify light ],83.250000,83.352081,1.099998,0.000000,0.000000,24.799999,34.400002,10.622711,-0.258819,-0.965926,0.433884,-0.900969
2026-03-04 13:54,82.350,24.800,34.400,12.088,0,1.000000,1.000000,0.000000,0.000000,0,0,1,1,risk=0 confidence=1 actions:[humidify light ],83.450005,83.360413,0.200005,0.008696,0.000000,24.799999,34.400002,12.087913,-0.258819,-0.965926,0.433884,-0.900969
2026-03-04 13:47,82.350,24.800,34.500,12.479,0,1.000000,1.000000,0.000000,0.000000,0,0,1,1,risk=0 confidence=1 actions:[humidify light ],83.250000,83.360413,-0.200005,-0.010870,0.000000,24.700001,34.500000,12.478633,-0.258819,-0.965926,0.433884,-0.900969
2026-03-04 13:59,83.250,24.800,34.500,13.065,0,1.000000,1.000000,0.000000,0.000000,0,0,1,1,risk=0 confidence=1 actions:[humidify light ],83.250000,83.349998,0.000000,0.000000,0.000000,24.799999,34.500000,13.064713,-0.258819,-0.965926,0.433884,-0.900969
2026-03-04 14:02,83.250,24.800,34.300,11.355,0,1.000000,1.000000,0.000000,0.000000,0,0,1,1,risk=0 confidence=1 actions:[humidify light ],83.250000,83.349998,0.000000,0.000000,0.000000,24.799999,34.299999,11.355311,-0.500000,-0.866025,0.433884,-0.900969
2026-03-04 14:04,83.350,24.700,34.300,10.549,0,1.000000,1.000000,0.000000,0.000000,0,0,1,1,risk=0 confidence=1 actions:[humidify light ],83.350006,83.354164,0.100006,-0.023913,0.000000,24.700001,34.299999,10.549451,-0.500000,-0.866025,0.433884,-0.900969
2026-03-04 14:07,83.250,24.800,34.500,12.015,0,1.000000,1.000000,0.000000,0.000000,0,0,1,1,risk=0 confidence=1 actions:[humidify light ],83.250000,83.327080,-0.100006,0.000000,0.000000,24.799999,34.500000,12.014652,-0.500000,-0.866025,0.433884,-0.900969
2026-03-04 14:09,83.700,24.800,34.400,11.600,0,1.000000,1.000000,0.000000,0.000000,0,0,1,1,risk=0 confidence=1 actions:[humidify light ],83.700005,83.345825,0.450005,-0.002174,0.000000,24.799999,34.400002,11.599512,-0.500000,-0.866025,0.433884,-0.900969
2026-03-04 14:11,82.350,24.800,34.300,11.477,0,1.000000,1.000000,0.000000,0.000000,0,0,1,1,risk=0 confidence=1 actions:[humidify light ],83.250000,83.324989,-0.450005,-0.008696,0.000000,24.700001,34.299999,11.477411,-0.500000,-0.866025,0.433884,-0.900969
2026-03-04 14:14,81.900,24.700,34.900,11.795,0,1.000000,1.000000,0.000000,0.000000,0,0,1,1,risk=0 confidence=1 actions:[humidify light ],81.900002,83.260414,-1.349998,-0.058696,0.000000,24.700001,34.900002,11.794872,-0.500000,-0.866025,0.433884,-0.900969
2026-03-04 14:17,83.250,24.800,34.300,10.549,0,1.000000,1.000000,0.000000,0.000000,0,0,1,1,risk=0 confidence=1 actions:[humidify light ],83.250000,83.260414,1.349998,0.000000,0.000000,24.799999,34.299999,10.549451,-0.500000,-0.866025,0.433884,-0.900969
2026-03-04 14:19,83.850,24.800,34.400,10.232,0,1.000000,1.000000,0.000000,0.000000,0,0,1,1,risk=0 confidence=1 actions:[humidify light ],83.850006,83.285408,0.600006,0.008696,0.000000,24.799999,34.400002,10.231991,-0.500000,-0.866025,0.433884,-0.900969
2026-03-04 14:22,83.250,24.800,34.400,9.499,0,1.000000,1.000000,0.000000,0.000000,0,0,1,1,risk=0 confidence=1 actions:[humidify light ],83.250000,83.268745,-0.600006,-0.010870,0.000000,24.799999,34.400002,9.499390,-0.500000,-0.866025,0.433884,-0.900969
2026-03-04 14:24,83.250,24.800,34.400,10.696,0,1.000000,1.000000,0.000000,0.000000,0,0,1,1,risk=0 confidence=1 actions:[humidify light ],83.250000,83.258331,0.000000,0.000000,0.000000,24.799999,34.400002,10.695971,-0.500000,-0.866025,0.433884,-0.900969
2026-03-04 14:27,83.250,24.800,35.000,10.940,0,1.000000,1.000000,0.000000,0.000000,0,0,1,1,risk=0 confidence=1 actions:[humidify light ],83.250000,83.258331,0.000000,-0.032609,0.000000,24.799999,35.000000,10.940171,-0.500000,-0.866025,0.433884,-0.900969
2026-03-04 14:29,83.250,24.800,34.500,10.623,0,1.000000,1.000000,0.000000,0.000000,0,0,1,1,risk=0 confidence=1 actions:[humidify light ],83.250000,83.227089,0.000000,-0.032609,0.000000,24.799999,34.500000,10.622711,-0.500000,-0.866025,0.433884,-0.900969
2026-03-04 14:32,83.650,24.800,34.400,10.012,0,1.000000,1.000000,0.000000,0.000000,0,0,1,1,risk=0 confidence=1 actions:[humidify light ],83.650002,83.212502,0.400002,-0.008696,0.000000,24.799999,34.400002,10.012210,-0.500000,-0.866025,0.433884,-0.900969
2026-03-04 14:34,83.250,24.800,34.400,11.160,0,1.000000,1.000000,0.000000,0.000000,0,0,1,1,risk=0 confidence=1 actions:[humidify light ],83.250000,83.187500,-0.400002,0.000000,0.000000,24.799999,34.400002,11.159951,-0.500000,-0.866025,0.433884,-0.900969
2026-03-04 14:37,83.350,24.800,34.500,11.111,0,1.000000,1.000000,0.000000,0.000000,0,0,1,1,risk=0 confidence=1 actions:[humidify light ],83.350006,83.191666,0.100006,0.004348,0.000000,24.799999,34.500000,11.111112,-0.500000,-0.866025,0.433884,-0.900969
2026-03-04 14:39,83.250,24.800,34.400,9.133,0,1.000000,1.000000,0.000000,0.000000,0,0,1,1,risk=0 confidence=1 actions:[humidify light ],83.250000,83.191673,-0.100006,-0.004348,0.000000,24.799999,34.400002,9.133089,-0.500000,-0.866025,0.433884,-0.900969
2026-03-04 14:42,83.250,24.800,34.300,9.060,0,1.000000,1.000000,0.000000,0.000000,0,0,1,1,risk=0 confidence=1 actions:[humidify light ],83.250000,83.187500,0.000000,0.039131,0.000000,24.799999,34.299999,9.059830,-0.500000,-0.866025,0.433884,-0.900969
2026-03-04 14:44,83.550,24.800,34.200,8.767,0,1.000000,1.000000,0.000000,0.000000,0,0,1,1,risk=0 confidence=1 actions:[humidify light ],83.550003,83.237503,0.300003,0.013044,0.000000,24.799999,34.200001,8.766789,-0.500000,-0.866025,0.433884,-0.900969
2026-03-04 14:47,83.250,24.800,34.500,8.205,0,1.000000,1.000000,0.000000,0.000000,0,0,1,1,risk=0 confidence=1 actions:[humidify light ],83.250000,83.237503,-0.300003,0.047826,0.000000,24.799999,34.500000,8.205129,-0.500000,-0.866025,0.433884,-0.900969
2026-03-04 14:49,83.250,24.800,34.500,7.619,0,1.000000,1.000000,0.000000,0.000000,0,0,1,1,risk=0 confidence=1 actions:[humidify light ],83.250000,83.283340,0.000000,0.000000,0.000000,24.799999,34.500000,7.619048,-0.500000,-0.866025,0.433884,-0.900969
2026-03-04 14:52,83.250,24.800,34.800,7.277,0,1.000000,1.000000,0.000000,0.000000,0,0,1,1,risk=0 confidence=1 actions:[humidify light ],83.250000,83.283333,0.000000,-0.008696,0.000000,24.799999,34.799999,7.277168,-0.500000,-0.866025,0.433884,-0.900969
2026-03-04 14:54,83.250,24.700,34.300,6.667,0,1.000000,1.000000,0.000000,0.000000,0,0,1,1,risk=0 confidence=1 actions:[humidify light ],83.250000,83.275002,0.000000,0.000000,0.000000,24.700001,34.299999,6.666667,-0.500000,-0.866025,0.433884,-0.900969
2026-03-04 14:57,83.650,24.700,34.400,6.642,0,1.000000,1.000000,0.000000,0.000000,0,0,1,1,risk=0 confidence=1 actions:[humidify light ],83.650002,83.291672,0.400002,0.017391,0.000000,24.700001,34.400002,6.642247,-0.500000,-0.866025,0.433884,-0.900969
2026-03-04 14:59,83.550,24.700,34.400,5.592,0,1.000000,1.000000,0.000000,0.000000,0,0,1,1,risk=0 confidence=1 actions:[humidify light ],83.550003,83.304176,-0.099998,0.013044,0.000000,24.700001,34.400002,5.592185,-0.500000,-0.866025,0.433884,-0.900969
2026-03-04 15:02,83.400,24.700,34.400,5.250,0,1.000000,1.000000,0.000000,0.000000,0,0,1,1,risk=0 confidence=1 actions:[humidify light ],83.400002,83.310425,-0.150002,0.002174,0.000000,24.700001,34.400002,5.250305,-0.707107,-0.707107,0.433884,-0.900969
2026-03-04 15:04,83.350,24.700,34.600,5.177,0,1.000000,1.000000,0.000000,0.000000,0,0,1,1,risk=0 confidence=1 actions:[humidify light ],83.350006,83.310425,-0.049995,0.004348,0.000000,24.700001,34.599998,5.177045,-0.707107,-0.707107,0.433884,-0.900969
2026-03-04 15:07,83.800,24.700,34.800,5.079,0,1.000000,1.000000,0.000000,0.000000,0,0,1,1,risk=0 confidence=1 actions:[humidify light ],83.800003,83.333344,0.449997,0.004348,0.000000,24.700001,34.799999,5.079365,-0.707107,-0.707107,0.433884,-0.900969
2026-03-04 15:09,83.300,24.700,34.700,3.785,0,1.000000,1.000000,0.000000,0.000000,0,0,1,1,risk=0 confidence=1 actions:[humidify light ],83.300003,83.316673,-0.500000,0.002174,0.000000,24.700001,34.700001,3.785104,-0.707107,-0.707107,0.433884,-0.900969
2026-03-04 15:12,83.850,24.700,34.600,3.394,0,1.000000,1.000000,0.000000,0.000000,0,0,1,1,risk=0 confidence=1 actions:[humidify light ],83.850006,83.341675,0.550003,0.084783,0.000000,24.700001,34.599998,3.394384,-0.707107,-0.707107,0.433884,-0.900969
2026-03-04 15:14,82.100,24.700,34.800,3.175,0,1.000000,1.000000,0.000000,0.000000,0,0,1,1,risk=0 confidence=1 actions:[humidify light ],82.099998,83.349998,-1.750008,-0.050000,0.000000,24.700001,34.799999,3.174603,-0.707107,-0.707107,0.433884,-0.900969
2026-03-04 15:17,83.300,24.700,35.000,2.711,0,1.000000,1.000000,0.000000,0.000000,0,0,1,1,risk=0 confidence=1 actions:[humidify light ],83.300003,83.352089,1.200005,-0.023913,0.000000,24.700001,35.000000,2.710623,-0.707107,-0.707107,0.433884,-0.900969
2026-03-04 15:19,84.000,24.700,34.800,2.882,0,1.000000,1.000000,0.000000,0.000000,0,0,1,1,risk=0 confidence=1 actions:[humidify light ],84.000000,83.358345,0.699997,0.032609,0.000000,24.700001,34.799999,2.881563,-0.707107,-0.707107,0.433884,-0.900969
2026-03-04 15:22,84.000,24.700,34.900,2.906,0,1.000000,1.000000,0.000000,0.000000,0,0,1,1,risk=0 confidence=1 actions:[humidify light ],83.250000,83.358345,-0.750000,0.000000,0.000000,24.700001,34.900002,2.905983,-0.707107,-0.707107,0.433884,-0.900969
2026-03-04 15:24,83.250,24.700,35.100,3.639,0,1.000000,1.000000,0.000000,0.000000,0,0,1,1,risk=0 confidence=1 actions:[humidify light ],83.250000,83.358337,0.000000,0.000000,0.000000,24.700001,35.099998,3.638584,-0.707107,-0.707107,0.433884,-0.900969
2026-03-04 15:27,81.600,24.700,35.300,3.834,0,1.000000,1.000000,0.000000,0.000000,0,0,1,1,risk=0 confidence=1 actions:[humidify light ],81.599998,83.289589,-1.650002,-0.071739,0.000000,24.700001,35.299999,3.833944,-0.707107,-0.707107,0.433884,-0.900969
2026-03-04 15:29,83.900,24.700,35.200,3.516,0,1.000000,1.000000,0.000000,0.000000,0,0,1,1,risk=0 confidence=1 actions:[humidify light ],83.900002,83.316673,2.300003,0.010870,0.000000,24.700001,35.200001,3.516484,-0.707107,-0.707107,0.433884,-0.900969
2026-03-04 15:32,83.250,24.700,35.600,3.541,0,1.000000,1.000000,0.000000,0.000000,0,0,1,1,risk=0 confidence=1 actions:[humidify light ],83.250000,83.300011,-0.650002,0.000000,0.000000,24.700001,35.599998,3.540904,-0.707107,-0.707107,0.433884,-0.900969
2026-03-04 15:34,83.250,24.700,35.600,3.516,0,1.000000,1.000000,0.000000,0.000000,0,0,1,1,risk=0 confidence=1 actions:[humidify light ],83.250000,83.300011,0.000000,-0.004348,0.000000,24.700001,35.599998,3.516484,-0.707107,-0.707107,0.433884,-0.900969
2026-03-04 15:37,83.250,24.600,35.800,3.932,0,1.000000,1.000000,0.000000,0.000000,0,0,1,1,risk=0 confidence=1 actions:[humidify light ],83.250000,83.295830,0.000000,0.000000,0.000000,24.600000,35.799999,3.931624,-0.707107,-0.707107,0.433884,-0.900969
2026-03-04 15:39,83.300,24.600,36.000,4.274,0,1.000000,1.000000,0.000000,0.000000,0,0,1,1,risk=0 confidence=1 actions:[humidify light ],83.300003,83.297920,0.050003,0.002174,0.000000,24.600000,36.000000,4.273504,-0.707107,-0.707107,0.433884,-0.900969
2026-03-04 15:42,82.300,24.600,36.300,5.226,0,1.000000,1.000000,0.000000,0.000000,0,0,1,1,risk=0 confidence=1 actions:[humidify light ],82.300003,83.258339,-1.000000,-0.054348,0.000000,24.600000,36.299999,5.225885,-0.707107,-0.707107,0.433884,-0.900969
2026-03-04 15:44,82.300,24.600,36.600,5.592,0,1.000000,1.000000,0.000000,0.000000,0,0,1,1,risk=0 confidence=1 actions:[humidify light ],82.300003,83.206261,0.000000,-0.041304,0.000000,24.600000,36.599998,5.592185,-0.707107,-0.707107,0.433884,-0.900969
2026-03-04 15:47,83.300,24.600,36.700,5.812,0,1.000000,1.000000,0.000000,0.000000,0,0,1,1,risk=0 confidence=1 actions:[humidify light ],83.300003,83.208344,1.000000,0.002174,0.000000,24.600000,36.700001,5.811966,-0.707107,-0.707107,0.433884,-0.900969
2026-03-04 15:49,83.250,24.600,36.600,5.714,0,1.000000,1.000000,0.000000,0.000000,0,0,1,1,risk=0 confidence=1 actions:[humidify light ],83.250000,83.208344,-0.050003,0.000000,0.000000,24.600000,36.599998,5.714286,-0.707107,-0.707107,0.433884,-0.900969
2026-03-04 15:52,83.550,24.600,36.200,5.885,0,1.000000,1.000000,0.000000,0.000000,0,0,1,1,risk=0 confidence=1 actions:[humidify light ],83.550003,83.220848,0.300003,0.013044,0.000000,24.600000,36.200001,5.885226,-0.707107,-0.707107,0.433884,-0.900969
2026-03-04 15:54,81.850,24.600,36.500,6.032,0,1.000000,1.000000,0.000000,0.000000,0,0,1,1,risk=0 confidence=1 actions:[humidify light ],81.849998,83.162514,-1.700005,-0.078261,0.000000,24.600000,36.500000,6.031746,-0.707107,-0.707107,0.433884,-0.900969
2026-03-04 15:57,83.350,24.600,36.700,5.836,0,1.000000,1.000000,0.000000,0.000000,0,0,1,1,risk=0 confidence=1 actions:[humidify light ],83.350006,83.150009,1.500008,-0.008696,0.000000,24.600000,36.700001,5.836386,-0.707107,-0.707107,0.433884,-0.900969
2026-03-04 15:59,84.300,24.600,36.700,6.032,0,1.000000,1.000000,0.000000,0.000000,0,0,1,1,risk=0 confidence=1 actions:[humidify light ],84.300003,83.181267,0.949997,0.039131,0.000000,24.600000,36.700001,6.031746,-0.707107,-0.707107,0.433884,-0.900969
2026-03-04 16:02,84.200,24.600,36.800,7.473,0,1.000000,1.000000,0.000000,0.000000,0,0,1,1,risk=0 confidence=1 actions:[humidify light ],84.199997,83.214592,-0.100006,0.036956,0.000000,24.600000,36.799999,7.472528,-0.866025,-0.500000,0.433884,-0.900969
2026-03-04 16:04,83.450,24.600,36.900,6.911,0,1.000000,1.000000,0.000000,0.000000,0,0,1,1,risk=0 confidence=1 actions:[humidify light ],83.450005,83.218758,-0.749992,-0.015217,0.000000,24.600000,36.900002,6.910867,-0.866025,-0.500000,0.433884,-0.900969
2026-03-04 16:07,83.250,24.600,37.000,6.007,0,1.000000,1.000000,0.000000,0.000000,0,0,1,1,risk=0 confidence=1 actions:[humidify light ],83.250000,83.195839,-0.200005,-0.002174,0.000000,24.600000,37.000000,6.007326,-0.866025,-0.500000,0.433884,-0.900969
2026-03-04 16:09,83.250,24.600,37.200,6.032,0,1.000000,1.000000,0.000000,0.000000,0,0,1,1,risk=0 confidence=1 actions:[humidify light ],83.250000,83.193748,0.000000,-0.026087,0.000000,24.600000,37.200001,6.031746,-0.866025,-0.500000,0.433884,-0.900969
2026-03-04 16:12,84.000,24.700,37.300,6.129,0,1.000000,1.000000,0.000000,0.000000,0,0,1,1,risk=0 confidence=1 actions:[humidify light ],83.250000,83.168755,0.000000,0.050000,0.000000,24.600000,37.299999,6.129426,-0.866025,-0.500000,0.433884,-0.900969
2026-03-04 16:14,83.300,24.600,37.400,6.276,0,1.000000,1.000000,0.000000,0.000000,0,0,1,1,risk=0 confidence=1 actions:[humidify light ],83.300003,83.218750,0.050003,0.000000,0.000000,24.600000,37.400002,6.275947,-0.866025,-0.500000,0.433884,-0.900969
2026-03-04 16:16,84.000,24.700,37.300,6.032,0,1.000000,1.000000,0.000000,0.000000,0,0,1,1,risk=0 confidence=1 actions:[humidify light ],82.400002,83.181252,-0.900002,-0.069565,0.000000,24.600000,37.299999,6.031746,-0.866025,-0.500000,0.433884,-0.900969
2026-03-04 16:19,84.000,24.700,37.400,5.446,0,1.000000,1.000000,0.000000,0.000000,0,0,1,1,risk=0 confidence=1 actions:[humidify light ],83.250000,83.150002,0.849998,0.000000,0.000000,24.600000,37.400002,5.445665,-0.866025,-0.500000,0.433884,-0.900969
2026-03-04 16:21,84.000,24.700,37.400,4.908,0,1.000000,1.000000,0.000000,0.000000,0,0,1,1,risk=0 confidence=1 actions:[humidify light ],83.700005,83.168747,0.450005,0.019565,0.000000,24.600000,37.400002,4.908425,-0.866025,-0.500000,0.433884,-0.900969
2026-03-04 16:24,83.250,24.600,37.500,4.298,0,1.000000,1.000000,0.000000,0.000000,0,0,1,1,risk=0 confidence=1 actions:[humidify light ],83.250000,83.168747,-0.450005,0.071739,0.000000,24.600000,37.500000,4.297925,-0.866025,-0.500000,0.433884,-0.900969
2026-03-04 16:27,83.400,24.600,37.500,4.737,0,1.000000,1.000000,0.000000,0.000000,0,0,1,1,risk=0 confidence=1 actions:[humidify light ],83.400002,83.243752,0.150002,-0.021739,0.000000,24.600000,37.500000,4.737485,-0.866025,-0.500000,0.433884,-0.900969
2026-03-04 16:29,83.250,24.600,37.600,4.567,0,1.000000,1.000000,0.000000,0.000000,0,0,1,1,risk=0 confidence=1 actions:[humidify light ],83.250000,83.216667,-0.150002,0.000000,0.000000,24.600000,37.599998,4.566545,-0.866025,-0.500000,0.433884,-0.900969
2026-03-04 16:32,84.000,24.700,37.600,4.982,0,1.000000,1.000000,0.000000,0.000000,0,0,1,1,risk=0 confidence=1 actions:[humidify light ],83.350006,83.220833,0.100006,0.004348,0.000000,24.500000,37.599998,4.981685,-0.866025,-0.500000,0.433884,-0.900969
2026-03-04 16:34,81.250,24.500,37.700,3.858,0,1.000000,1.000000,0.000000,0.000000,0,0,1,1,risk=0 confidence=1 actions:[humidify light ],81.250000,83.137497,-2.100006,-0.086957,0.000000,24.500000,37.700001,3.858364,-0.866025,-0.500000,0.433884,-0.900969
2026-03-04 16:37,84.000,24.700,37.600,3.028,0,1.000000,1.000000,0.000000,0.000000,0,0,1,1,risk=0 confidence=1 actions:[humidify light ],83.250000,83.137497,2.000000,-0.002174,0.000000,24.600000,37.599998,3.028083,-0.866025,-0.500000,0.433884,-0.900969
2026-03-04 16:39,82.200,24.500,37.600,2.295,0,1.000000,1.000000,0.000000,0.000000,0,0,1,1,risk=0 confidence=1 actions:[humidify light ],82.200005,83.091667,-1.049995,-0.004348,0.000000,24.500000,37.599998,2.295482,-0.866025,-0.500000,0.433884,-0.900969
2026-03-04 16:42,83.250,24.500,37.600,2.271,0,1.000000,1.000000,0.000000,0.000000,0,0,1,1,risk=0 confidence=1 actions:[humidify light ],83.250000,83.131248,1.049995,0.041304,0.000000,24.500000,37.599998,2.271062,-0.866025,-0.500000,0.433884,-0.900969
2026-03-04 16:44,83.250,24.500,37.600,1.563,0,1.000000,1.000000,0.000000,0.000000,0,0,1,1,risk=0 confidence=1 actions:[humidify light ],83.250000,83.170830,0.000000,-0.002174,0.000000,24.500000,37.599998,1.562882,-0.866025,-0.500000,0.433884,-0.900969
2026-03-04 16:47,83.250,24.500,37.600,1.416,0,1.000000,1.000000,0.000000,0.000000,0,0,1,1,risk=0 confidence=1 actions:[humidify light ],83.250000,83.168747,0.000000,0.000000,0.000000,24.500000,37.599998,1.416361,-0.866025,-0.500000,0.433884,-0.900969
2026-03-04 16:49,84.100,24.500,37.600,1.001,0,1.000000,1.000000,0.000000,0.000000,0,0,1,1,risk=0 confidence=1 actions:[humidify light ],84.099998,83.204163,0.849998,0.023913,0.000000,24.500000,37.599998,1.001221,-0.866025,-0.500000,0.433884,-0.900969
2026-03-04 16:52,83.250,24.500,37.700,0.684,0,1.000000,1.000000,0.000000,0.000000,0,0,1,1,risk=0 confidence=1 actions:[humidify light ],83.250000,83.191666,-0.849998,0.060870,0.000000,24.500000,37.700001,0.683761,-0.866025,-0.500000,0.433884,-0.900969
2026-03-04 16:54,83.650,24.500,37.700,0.024,0,1.000000,1.000000,0.000000,0.000000,0,0,1,1,risk=0 confidence=1 actions:[humidify light ],83.650002,83.266670,0.400002,0.013043,0.000000,24.500000,37.700001,0.024420,-0.866025,-0.500000,0.433884,-0.900969
2026-03-04 16:57,83.500,24.500,37.700,0.000,0,1.000000,1.000000,0.000000,0.000000,0,0,1,1,risk=0 confidence=1 actions:[humidify light ],83.500000,83.272911,-0.150002,-0.034783,0.000000,24.500000,37.700001,0.000000,-0.866025,-0.500000,0.433884,-0.900969
2026-03-04 16:59,83.250,24.500,37.700,0.000,0,1.000000,1.000000,0.000000,0.000000,0,0,1,1,risk=0 confidence=1 actions:[humidify light ],83.250000,83.229164,-0.250000,-0.041304,0.000000,24.500000,37.700001,0.000000,-0.866025,-0.500000,0.433884,-0.900969
2026-03-04 17:02,83.500,24.500,37.700,0.000,0,1.000000,1.000000,0.000000,0.000000,0,0,1,1,risk=0 confidence=1 actions:[humidify light ],83.500000,83.200005,0.250000,0.002174,0.000000,24.500000,37.700001,0.000000,-0.965926,-0.258819,0.433884,-0.900969
2026-03-04 17:04,83.900,24.500,37.700,0.000,0,1.000000,1.000000,0.000000,0.000000,0,0,1,1,risk=0 confidence=1 actions:[humidify light ],83.900002,83.218750,0.400002,0.028261,0.000000,24.500000,37.700001,0.000000,-0.965926,-0.258819,0.433884,-0.900969
2026-03-04 17:07,83.250,24.400,37.700,0.000,0,1.000000,1.000000,0.000000,0.000000,0,0,1,1,risk=0 confidence=1 actions:[humidify light ],83.250000,83.218750,-0.650002,0.000000,0.000000,24.400000,37.700001,0.000000,-0.965926,-0.258819,0.433884,-0.900969
2026-03-04 17:09,84.000,24.700,37.800,0.000,0,1.000000,1.000000,0.000000,0.000000,0,0,1,1,risk=0 confidence=1 actions:[humidify light ],83.450005,83.227089,0.200005,0.008696,0.000000,24.400000,37.799999,0.000000,-0.965926,-0.258819,0.433884,-0.900969
2026-03-04 17:12,84.000,24.400,38.000,0.000,0,1.000000,1.000000,0.000000,0.000000,0,0,1,1,risk=0 confidence=1 actions:[humidify light ],84.000000,83.258339,0.549995,0.030435,0.000000,24.400000,38.000000,0.000000,-0.965926,-0.258819,0.433884,-0.900969
2026-03-04 17:14,83.250,24.400,38.200,0.000,0,1.000000,1.000000,0.000000,0.000000,0,0,1,1,risk=0 confidence=1 actions:[humidify light ],83.250000,83.256248,-0.750000,0.036956,0.000000,24.400000,38.200001,0.000000,-0.965926,-0.258819,0.433884,-0.900969
2026-03-04 17:17,83.250,24.400,38.200,0.000,0,1.000000,1.000000,0.000000,0.000000,0,0,1,1,risk=0 confidence=1 actions:[humidify light ],83.250000,83.291664,0.000000,0.000000,0.000000,24.400000,38.200001,0.000000,-0.965926,-0.258819,0.433884,-0.900969
2026-03-04 17:19,83.700,24.400,38.300,0.000,0,1.000000,1.000000,0.000000,0.000000,0,0,1,1,risk=0 confidence=1 actions:[humidify light ],83.700005,83.310417,0.450005,0.000000,0.000000,24.400000,38.299999,0.000000,-0.965926,-0.258819,0.433884,-0.900969
2026-03-04 17:22,83.350,24.400,38.300,0.000,0,1.000000,1.000000,0.000000,0.000000,0,0,1,1,risk=0 confidence=1 actions:[humidify light ],83.350006,83.295830,-0.349998,0.004348,0.000000,24.400000,38.299999,0.000000,-0.965926,-0.258819,0.433884,-0.900969
2026-03-04 17:24,83.250,24.400,38.400,0.000,0,1.000000,1.000000,0.000000,0.000000,0,0,1,1,risk=0 confidence=1 actions:[humidify light ],83.250000,83.295830,-0.100006,-0.006522,0.000000,24.400000,38.400002,0.000000,-0.965926,-0.258819,0.433884,-0.900969
2026-03-04 17:27,83.300,24.400,38.400,0.000,0,1.000000,1.000000,0.000000,0.000000,0,0,1,1,risk=0 confidence=1 actions:[humidify light ],83.300003,83.291664,0.050003,0.002174,0.000000,24.400000,38.400002,0.000000,-0.965926,-0.258819,0.433884,-0.900969
2026-03-04 17:29,83.550,24.300,38.400,0.000,0,1.000000,1.000000,0.000000,0.000000,0,0,1,1,risk=0 confidence=1 actions:[humidify light ],83.550003,83.304169,0.250000,0.008696,0.000000,24.299999,38.400002,0.000000,-0.965926,-0.258819,0.433884,-0.900969
2026-03-04 17:32,84.000,24.700,38.600,0.000,0,1.000000,1.000000,0.000000,0.000000,0,0,1,1,risk=0 confidence=1 actions:[humidify light ],83.250000,83.299995,-0.300003,0.086957,0.000000,24.400000,38.599998,0.000000,-0.965926,-0.258819,0.433884,-0.900969
2026-03-04 17:34,84.000,24.300,38.600,0.000,0,1.000000,1.000000,0.000000,0.000000,0,0,1,1,risk=0 confidence=1 actions:[humidify light ],84.000000,83.414589,0.750000,0.032609,0.000000,24.299999,38.599998,0.000000,-0.965926,-0.258819,0.433884,-0.900969
2026-03-04 17:37,83.250,24.300,38.700,0.000,0,1.000000,1.000000,0.000000,0.000000,0,0,1,1,risk=0 confidence=1 actions:[humidify light ],83.250000,83.414589,-0.750000,0.045652,0.000000,24.299999,38.700001,0.000000,-0.965926,-0.258819,0.433884,-0.900969
2026-03-04 17:39,83.250,24.300,38.700,0.000,0,1.000000,1.000000,0.000000,0.000000,0,0,1,1,risk=0 confidence=1 actions:[humidify light ],83.250000,83.458336,0.000000,0.000000,0.000000,24.299999,38.700001,0.000000,-0.965926,-0.258819,0.433884,-0.900969
2026-03-04 17:42,83.650,24.300,38.800,0.000,0,1.000000,1.000000,0.000000,0.000000,0,0,1,1,risk=0 confidence=1 actions:[humidify light ],83.650002,83.475006,0.400002,0.017391,0.000000,24.299999,38.799999,0.000000,-0.965926,-0.258819,0.433884,-0.900969
2026-03-04 17:44,84.850,24.300,39.000,0.000,0,1.000000,1.000000,0.000000,0.000000,0,0,1,1,risk=0 confidence=1 actions:[humidify light ],84.849998,83.541672,1.199997,0.069565,0.000000,24.299999,39.000000,0.000000,-0.965926,-0.258819,0.433884,-0.900969
2026-03-04 17:47,83.850,24.300,39.000,0.000,0,1.000000,1.000000,0.000000,0.000000,0,0,1,1,risk=0 confidence=1 actions:[humidify light ],83.850006,83.566673,-0.999992,-0.010869,0.000000,24.299999,39.000000,0.000000,-0.965926,-0.258819,0.433884,-0.900969
2026-03-04 17:49,83.900,24.300,39.200,0.000,0,1.000000,1.000000,0.000000,0.000000,0,0,1,1,risk=0 confidence=1 actions:[humidify light ],83.900002,83.558342,0.049995,0.028261,0.000000,24.299999,39.200001,0.000000,-0.965926,-0.258819,0.433884,-0.900969
2026-03-04 17:52,84.000,24.300,39.200,0.000,0,1.000000,1.000000,0.000000,0.000000,0,0,1,1,risk=0 confidence=1 actions:[humidify light ],84.000000,83.589592,0.099998,0.015217,0.000000,24.299999,39.200001,0.000000,-0.965926,-0.258819,0.433884,-0.900969
2026-03-04 17:54,83.250,24.300,40.500,1.636,0,1.000000,1.000000,0.000000,0.000000,0,0,1,1,risk=0 confidence=1 actions:[humidify light ],83.250000,83.572922,-0.750000,-0.010870,0.000000,24.299999,40.500000,1.636142,-0.965926,-0.258819,0.433884,-0.900969